STRUCTURE,STRUCTURE_ID,STRUCTURE_NAME,ACTION,REF_AREA,Reference area,EDUCATION_LEV,Education level,MEASURE,Measure,EDUCATION_TYPE,Education type,INTENSITY,Intensity,EDUCATION_FIELD,Field of education,GRADE,Grade,FREQ,Frequency of observation,ORIGIN,Origin,DESTINATION,Destination,INST_TYPE_EDU,Type of educational institution,MOBILITY,Mobility,UNIT_MEASURE,Unit of measure,SEX,Sex,AGE,Age,TIME_PERIOD,Time period,OBS_VALUE,Observation value,REF_YEAR_AGES,Reference date for ages,ORIGIN_CRITERION,Origin criterion,REPYEARSTART,Reference year start,REPYEAREND,Reference year end,OBS_STATUS,Observation status,CONF_STATUS,Confidentiality status,COMMENT_OBS,Observation comment,DECIMALS,Decimals,TIME_PER_COLLECT,Time period collection,UNIT_MULT,Unit multiplier
DATAFLOW,OECD.EDU.IMEP:DSD_EAG_UOE_NON_FIN_STUD@DF_UOE_NF_RAW_MOB(1.0),Number of mobile students enrolled and graduated by country of origin,I,IRL,Ireland,ISCED11_5T8,Tertiary education,ENRL,Students enrolled,FE,"Formal education, includes formal initial and formal adult education programmes",_T,Total,_T,Total,_T,Total,A,Annual,W,World,_Z,Not applicable,INST_EDU,All educational institutions,MOB,Mobile including homecoming nationals,PS,Persons,_T,Total,_T,Total,2023,,30106,,,,,,,,,,A,Normal value,,,,,0,Zero,,,0,Units
DATAFLOW,OECD.EDU.IMEP:DSD_EAG_UOE_NON_FIN_STUD@DF_UOE_NF_RAW_MOB(1.0),Number of mobile students enrolled and graduated by country of origin,I,GBR,United Kingdom,ISCED11_5T8,Tertiary education,ENRL,Students enrolled,FE,"Formal education, includes formal initial and formal adult education programmes",_T,Total,_T,Total,_T,Total,A,Annual,W,World,_Z,Not applicable,INST_EDU,All educational institutions,MOB,Mobile including homecoming nationals,PS,Persons,_T,Total,_T,Total,2023,,748460.998869999,,,,,,,,,,A,Normal value,,,,,0,Zero,,,0,Units
DATAFLOW,OECD.EDU.IMEP:DSD_EAG_UOE_NON_FIN_STUD@DF_UOE_NF_RAW_MOB(1.0),Number of mobile students enrolled and graduated by country of origin,I,USA,United States,ISCED11_5T8,Tertiary education,ENRL,Students enrolled,FE,"Formal education, includes formal initial and formal adult education programmes",_T,Total,_T,Total,_T,Total,A,Annual,W,World,_Z,Not applicable,INST_EDU,All educational institutions,MOB,Mobile including homecoming nationals,PS,Persons,_T,Total,_T,Total,2023,,956923.141921314,,,,,,,,,,A,Normal value,,,,,0,Zero,,,0,Units
DATAFLOW,OECD.EDU.IMEP:DSD_EAG_UOE_NON_FIN_STUD@DF_UOE_NF_RAW_MOB(1.0),Number of mobile students enrolled and graduated by country of origin,I,NZL,New Zealand,ISCED11_5T8,Tertiary education,ENRL,Students enrolled,FE,"Formal education, includes formal initial and formal adult education programmes",_T,Total,_T,Total,_T,Total,A,Annual,W,World,_Z,Not applicable,INST_EDU,All educational institutions,MOB,Mobile including homecoming nationals,PS,Persons,_T,Total,_T,Total,2023,,36407.0190976182,,,,,,,,,,A,Normal value,,,,,0,Zero,,,0,Units
DATAFLOW,OECD.EDU.IMEP:DSD_EAG_UOE_NON_FIN_STUD@DF_UOE_NF_RAW_MOB(1.0),Number of mobile students enrolled and graduated by country of origin,I,AUS,Australia,ISCED11_5T8,Tertiary education,ENRL,Students enrolled,FE,"Formal education, includes formal initial and formal adult education programmes",_T,Total,_T,Total,_T,Total,A,Annual,W,World,_Z,Not applicable,INST_EDU,All educational institutions,MOB,Mobile including homecoming nationals,PS,Persons,_T,Total,_T,Total,2023,,467074,,,,,,,,,,A,Normal value,,,,,0,Zero,,,0,Units
DATAFLOW,OECD.EDU.IMEP:DSD_EAG_UOE_NON_FIN_STUD@DF_UOE_NF_RAW_MOB(1.0),Number of mobile students enrolled and graduated by country of origin,I,CAN,Canada,ISCED11_5T8,Tertiary education,ENRL,Students enrolled,FE,"Formal education, includes formal initial and formal adult education programmes",_T,Total,_T,Total,_T,Total,A,Annual,W,World,_Z,Not applicable,INST_EDU,All educational institutions,MOB,Mobile including homecoming nationals,PS,Persons,_T,Total,_T,Total,2023,,389181,,,,,,,,,,A,Normal value,,,,,0,Zero,,,0,Units
DATAFLOW,OECD.EDU.IMEP:DSD_EAG_UOE_NON_FIN_STUD@DF_UOE_NF_RAW_MOB(1.0),Number of mobile students enrolled and graduated by country of origin,I,FRA,France,ISCED11_5T8,Tertiary education,ENRL,Students enrolled,FE,"Formal education, includes formal initial and formal adult education programmes",_T,Total,_T,Total,_T,Total,A,Annual,W,World,_Z,Not applicable,INST_EDU,All educational institutions,MOB,Mobile including homecoming nationals,PS,Persons,_T,Total,_T,Total,2023,,276217.2216,,,,,,,,,,A,Normal value,,,,,0,Zero,,,0,Units
DATAFLOW,OECD.EDU.IMEP:DSD_EAG_UOE_NON_FIN_STUD@DF_UOE_NF_RAW_MOB(1.0),Number of mobile students enrolled and graduated by country of origin,I,DEU,Germany,ISCED11_5T8,Tertiary education,ENRL,Students enrolled,FE,"Formal education, includes formal initial and formal adult education programmes",_T,Total,_T,Total,_T,Total,A,Annual,W,World,_Z,Not applicable,INST_EDU,All educational institutions,MOB,Mobile including homecoming nationals,PS,Persons,_T,Total,_T,Total,2023,,423197,,,,,,,,,,A,Normal value,,,,,0,Zero,,,0,Units
DATAFLOW,OECD.EDU.IMEP:DSD_EAG_UOE_NON_FIN_STUD@DF_UOE_NF_RAW_MOB(1.0),Number of mobile students enrolled and graduated by country of origin,I,JPN,Japan,ISCED11_5T8,Tertiary education,ENRL,Students enrolled,FE,"Formal education, includes formal initial and formal adult education programmes",_T,Total,_T,Total,_T,Total,A,Annual,W,World,_Z,Not applicable,INST_EDU,All educational institutions,MOB,Mobile including homecoming nationals,PS,Persons,_T,Total,_T,Total,2023,,181821,,,,,,,,,,A,Normal value,,,,,0,Zero,,,0,Units
DATAFLOW,OECD.EDU.IMEP:DSD_EAG_UOE_NON_FIN_STUD@DF_UOE_NF_RAW_MOB(1.0),Number of mobile students enrolled and graduated by country of origin,I,NLD,Netherlands,ISCED11_5T8,Tertiary education,ENRL,Students enrolled,FE,"Formal education, includes formal initial and formal adult education programmes",_T,Total,_T,Total,_T,Total,A,Annual,W,World,_Z,Not applicable,INST_EDU,All educational institutions,MOB,Mobile including homecoming nationals,PS,Persons,_T,Total,_T,Total,2023,,169459,,,,,,,,,,A,Normal value,,,,,0,Zero,,,0,Units
DATAFLOW,OECD.EDU.IMEP:DSD_EAG_UOE_NON_FIN_STUD@DF_UOE_NF_RAW_MOB(1.0),Number of mobile students enrolled and graduated by country of origin,I,AUS,Australia,ISCED11_5T8,Tertiary education,ENRL,Students enrolled,FE,"Formal education, includes formal initial and formal adult education programmes",_T,Total,_T,Total,_T,Total,A,Annual,W,World,_Z,Not applicable,INST_EDU,All educational institutions,MOB,Mobile including homecoming nationals,PS,Persons,_T,Total,_T,Total,2022,,382007,,,,,,,,,,A,Normal value,,,,,0,Zero,,,0,Units
DATAFLOW,OECD.EDU.IMEP:DSD_EAG_UOE_NON_FIN_STUD@DF_UOE_NF_RAW_MOB(1.0),Number of mobile students enrolled and graduated by country of origin,I,CAN,Canada,ISCED11_5T8,Tertiary education,ENRL,Students enrolled,FE,"Formal education, includes formal initial and formal adult education programmes",_T,Total,_T,Total,_T,Total,A,Annual,W,World,_Z,Not applicable,INST_EDU,All educational institutions,MOB,Mobile including homecoming nationals,PS,Persons,_T,Total,_T,Total,2022,,336837,,,,,,,,,,A,Normal value,,,,,0,Zero,,,0,Units
DATAFLOW,OECD.EDU.IMEP:DSD_EAG_UOE_NON_FIN_STUD@DF_UOE_NF_RAW_MOB(1.0),Number of mobile students enrolled and graduated by country of origin,I,FRA,France,ISCED11_5T8,Tertiary education,ENRL,Students enrolled,FE,"Formal education, includes formal initial and formal adult education programmes",_T,Total,_T,Total,_T,Total,A,Annual,W,World,_Z,Not applicable,INST_EDU,All educational institutions,MOB,Mobile including homecoming nationals,PS,Persons,_T,Total,_T,Total,2022,,263458.6398,,,,,,,,,,A,Normal value,,,,,0,Zero,,,0,Units
DATAFLOW,OECD.EDU.IMEP:DSD_EAG_UOE_NON_FIN_STUD@DF_UOE_NF_RAW_MOB(1.0),Number of mobile students enrolled and graduated by country of origin,I,DEU,Germany,ISCED11_5T8,Tertiary education,ENRL,Students enrolled,FE,"Formal education, includes formal initial and formal adult education programmes",_T,Total,_T,Total,_T,Total,A,Annual,W,World,_Z,Not applicable,INST_EDU,All educational institutions,MOB,Mobile including homecoming nationals,PS,Persons,_T,Total,_T,Total,2022,,403473,,,,,,,,,,A,Normal value,,,,,0,Zero,,,0,Units
DATAFLOW,OECD.EDU.IMEP:DSD_EAG_UOE_NON_FIN_STUD@DF_UOE_NF_RAW_MOB(1.0),Number of mobile students enrolled and graduated by country of origin,I,IRL,Ireland,ISCED11_5T8,Tertiary education,ENRL,Students enrolled,FE,"Formal education, includes formal initial and formal adult education programmes",_T,Total,_T,Total,_T,Total,A,Annual,W,World,_Z,Not applicable,INST_EDU,All educational institutions,MOB,Mobile including homecoming nationals,PS,Persons,_T,Total,_T,Total,2022,,27159,,,,,,,,,,A,Normal value,,,,,0,Zero,,,0,Units
DATAFLOW,OECD.EDU.IMEP:DSD_EAG_UOE_NON_FIN_STUD@DF_UOE_NF_RAW_MOB(1.0),Number of mobile students enrolled and graduated by country of origin,I,JPN,Japan,ISCED11_5T8,Tertiary education,ENRL,Students enrolled,FE,"Formal education, includes formal initial and formal adult education programmes",_T,Total,_T,Total,_T,Total,A,Annual,W,World,_Z,Not applicable,INST_EDU,All educational institutions,MOB,Mobile including homecoming nationals,PS,Persons,_T,Total,_T,Total,2022,,199298,,,,,,,,,,A,Normal value,,,,,0,Zero,,,0,Units
DATAFLOW,OECD.EDU.IMEP:DSD_EAG_UOE_NON_FIN_STUD@DF_UOE_NF_RAW_MOB(1.0),Number of mobile students enrolled and graduated by country of origin,I,NLD,Netherlands,ISCED11_5T8,Tertiary education,ENRL,Students enrolled,FE,"Formal education, includes formal initial and formal adult education programmes",_T,Total,_T,Total,_T,Total,A,Annual,W,World,_Z,Not applicable,INST_EDU,All educational institutions,MOB,Mobile including homecoming nationals,PS,Persons,_T,Total,_T,Total,2022,,163875,,,,,,,,,,A,Normal value,,,,,0,Zero,,,0,Units
DATAFLOW,OECD.EDU.IMEP:DSD_EAG_UOE_NON_FIN_STUD@DF_UOE_NF_RAW_MOB(1.0),Number of mobile students enrolled and graduated by country of origin,I,NZL,New Zealand,ISCED11_5T8,Tertiary education,ENRL,Students enrolled,FE,"Formal education, includes formal initial and formal adult education programmes",_T,Total,_T,Total,_T,Total,A,Annual,W,World,_Z,Not applicable,INST_EDU,All educational institutions,MOB,Mobile including homecoming nationals,PS,Persons,_T,Total,_T,Total,2022,,25389.5070487197,,,,,,,,,,A,Normal value,,,,,0,Zero,,,0,Units
DATAFLOW,OECD.EDU.IMEP:DSD_EAG_UOE_NON_FIN_STUD@DF_UOE_NF_RAW_MOB(1.0),Number of mobile students enrolled and graduated by country of origin,I,GBR,United Kingdom,ISCED11_5T8,Tertiary education,ENRL,Students enrolled,FE,"Formal education, includes formal initial and formal adult education programmes",_T,Total,_T,Total,_T,Total,A,Annual,W,World,_Z,Not applicable,INST_EDU,All educational institutions,MOB,Mobile including homecoming nationals,PS,Persons,_T,Total,_T,Total,2022,,674931,,,,,,,,,,A,Normal value,,,,,0,Zero,,,0,Units
DATAFLOW,OECD.EDU.IMEP:DSD_EAG_UOE_NON_FIN_STUD@DF_UOE_NF_RAW_MOB(1.0),Number of mobile students enrolled and graduated by country of origin,I,USA,United States,ISCED11_5T8,Tertiary education,ENRL,Students enrolled,FE,"Formal education, includes formal initial and formal adult education programmes",_T,Total,_T,Total,_T,Total,A,Annual,W,World,_Z,Not applicable,INST_EDU,All educational institutions,MOB,Mobile including homecoming nationals,PS,Persons,_T,Total,_T,Total,2022,,873576.047455401,,,,,,,,,,A,Normal value,,,,,0,Zero,,,0,Units
DATAFLOW,OECD.EDU.IMEP:DSD_EAG_UOE_NON_FIN_STUD@DF_UOE_NF_RAW_MOB(1.0),Number of mobile students enrolled and graduated by country of origin,I,AUS,Australia,ISCED11_5T8,Tertiary education,ENRL,Students enrolled,FE,"Formal education, includes formal initial and formal adult education programmes",_T,Total,_T,Total,_T,Total,A,Annual,W,World,_Z,Not applicable,INST_EDU,All educational institutions,MOB,Mobile including homecoming nationals,PS,Persons,_T,Total,_T,Total,2013,,249868,,,,,,,,,,A,Normal value,,,,,0,Zero,,,0,Units
DATAFLOW,OECD.EDU.IMEP:DSD_EAG_UOE_NON_FIN_STUD@DF_UOE_NF_RAW_MOB(1.0),Number of mobile students enrolled and graduated by country of origin,I,AUS,Australia,ISCED11_5T8,Tertiary education,ENRL,Students enrolled,FE,"Formal education, includes formal initial and formal adult education programmes",_T,Total,_T,Total,_T,Total,A,Annual,W,World,_Z,Not applicable,INST_EDU,All educational institutions,MOB,Mobile including homecoming nationals,PS,Persons,_T,Total,_T,Total,2014,,266048,,,,,,,,,,A,Normal value,,,,,0,Zero,,,0,Units
DATAFLOW,OECD.EDU.IMEP:DSD_EAG_UOE_NON_FIN_STUD@DF_UOE_NF_RAW_MOB(1.0),Number of mobile students enrolled and graduated by country of origin,I,AUS,Australia,ISCED11_5T8,Tertiary education,ENRL,Students enrolled,FE,"Formal education, includes formal initial and formal adult education programmes",_T,Total,_T,Total,_T,Total,A,Annual,W,World,_Z,Not applicable,INST_EDU,All educational institutions,MOB,Mobile including homecoming nationals,PS,Persons,_T,Total,_T,Total,2015,,294438,,,,,,,,,,A,Normal value,,,,,0,Zero,,,0,Units
DATAFLOW,OECD.EDU.IMEP:DSD_EAG_UOE_NON_FIN_STUD@DF_UOE_NF_RAW_MOB(1.0),Number of mobile students enrolled and graduated by country of origin,I,AUS,Australia,ISCED11_5T8,Tertiary education,ENRL,Students enrolled,FE,"Formal education, includes formal initial and formal adult education programmes",_T,Total,_T,Total,_T,Total,A,Annual,W,World,_Z,Not applicable,INST_EDU,All educational institutions,MOB,Mobile including homecoming nationals,PS,Persons,_T,Total,_T,Total,2016,,335512,,,,,,,,,,A,Normal value,,,,,0,Zero,,,0,Units
DATAFLOW,OECD.EDU.IMEP:DSD_EAG_UOE_NON_FIN_STUD@DF_UOE_NF_RAW_MOB(1.0),Number of mobile students enrolled and graduated by country of origin,I,AUS,Australia,ISCED11_5T8,Tertiary education,ENRL,Students enrolled,FE,"Formal education, includes formal initial and formal adult education programmes",_T,Total,_T,Total,_T,Total,A,Annual,W,World,_Z,Not applicable,INST_EDU,All educational institutions,MOB,Mobile including homecoming nationals,PS,Persons,_T,Total,_T,Total,2017,,381202,,,,,,,,,,A,Normal value,,,,,0,Zero,,,0,Units
DATAFLOW,OECD.EDU.IMEP:DSD_EAG_UOE_NON_FIN_STUD@DF_UOE_NF_RAW_MOB(1.0),Number of mobile students enrolled and graduated by country of origin,I,AUS,Australia,ISCED11_5T8,Tertiary education,ENRL,Students enrolled,FE,"Formal education, includes formal initial and formal adult education programmes",_T,Total,_T,Total,_T,Total,A,Annual,W,World,_Z,Not applicable,INST_EDU,All educational institutions,MOB,Mobile including homecoming nationals,PS,Persons,_T,Total,_T,Total,2018,,444514,,,,,,,,,,A,Normal value,,,,,0,Zero,,,0,Units
DATAFLOW,OECD.EDU.IMEP:DSD_EAG_UOE_NON_FIN_STUD@DF_UOE_NF_RAW_MOB(1.0),Number of mobile students enrolled and graduated by country of origin,I,AUS,Australia,ISCED11_5T8,Tertiary education,ENRL,Students enrolled,FE,"Formal education, includes formal initial and formal adult education programmes",_T,Total,_T,Total,_T,Total,A,Annual,W,World,_Z,Not applicable,INST_EDU,All educational institutions,MOB,Mobile including homecoming nationals,PS,Persons,_T,Total,_T,Total,2019,,509160,,,,,,,,,,A,Normal value,,,,,0,Zero,,,0,Units
DATAFLOW,OECD.EDU.IMEP:DSD_EAG_UOE_NON_FIN_STUD@DF_UOE_NF_RAW_MOB(1.0),Number of mobile students enrolled and graduated by country of origin,I,AUS,Australia,ISCED11_5T8,Tertiary education,ENRL,Students enrolled,FE,"Formal education, includes formal initial and formal adult education programmes",_T,Total,_T,Total,_T,Total,A,Annual,W,World,_Z,Not applicable,INST_EDU,All educational institutions,MOB,Mobile including homecoming nationals,PS,Persons,_T,Total,_T,Total,2020,,458279,,,,,,,,,,A,Normal value,,,,,0,Zero,,,0,Units
DATAFLOW,OECD.EDU.IMEP:DSD_EAG_UOE_NON_FIN_STUD@DF_UOE_NF_RAW_MOB(1.0),Number of mobile students enrolled and graduated by country of origin,I,AUS,Australia,ISCED11_5T8,Tertiary education,ENRL,Students enrolled,FE,"Formal education, includes formal initial and formal adult education programmes",_T,Total,_T,Total,_T,Total,A,Annual,W,World,_Z,Not applicable,INST_EDU,All educational institutions,MOB,Mobile including homecoming nationals,PS,Persons,_T,Total,_T,Total,2021,,378439,,,,,,,,,,A,Normal value,,,,,0,Zero,,,0,Units
DATAFLOW,OECD.EDU.IMEP:DSD_EAG_UOE_NON_FIN_STUD@DF_UOE_NF_RAW_MOB(1.0),Number of mobile students enrolled and graduated by country of origin,I,CAN,Canada,ISCED11_5T8,Tertiary education,ENRL,Students enrolled,FE,"Formal education, includes formal initial and formal adult education programmes",_T,Total,_T,Total,_T,Total,A,Annual,W,World,_Z,Not applicable,INST_EDU,All educational institutions,MOB,Mobile including homecoming nationals,PS,Persons,_T,Total,_T,Total,2013,,151244,,,,,,,,,,A,Normal value,,,,,0,Zero,,,0,Units
DATAFLOW,OECD.EDU.IMEP:DSD_EAG_UOE_NON_FIN_STUD@DF_UOE_NF_RAW_MOB(1.0),Number of mobile students enrolled and graduated by country of origin,I,CAN,Canada,ISCED11_5T8,Tertiary education,ENRL,Students enrolled,FE,"Formal education, includes formal initial and formal adult education programmes",_T,Total,_T,Total,_T,Total,A,Annual,W,World,_Z,Not applicable,INST_EDU,All educational institutions,MOB,Mobile including homecoming nationals,PS,Persons,_T,Total,_T,Total,2014,,164274,,,,,,,,,,A,Normal value,,,,,0,Zero,,,0,Units
DATAFLOW,OECD.EDU.IMEP:DSD_EAG_UOE_NON_FIN_STUD@DF_UOE_NF_RAW_MOB(1.0),Number of mobile students enrolled and graduated by country of origin,I,CAN,Canada,ISCED11_5T8,Tertiary education,ENRL,Students enrolled,FE,"Formal education, includes formal initial and formal adult education programmes",_T,Total,_T,Total,_T,Total,A,Annual,W,World,_Z,Not applicable,INST_EDU,All educational institutions,MOB,Mobile including homecoming nationals,PS,Persons,_T,Total,_T,Total,2015,,171603,,,,,,,,,,A,Normal value,,,,,0,Zero,,,0,Units
DATAFLOW,OECD.EDU.IMEP:DSD_EAG_UOE_NON_FIN_STUD@DF_UOE_NF_RAW_MOB(1.0),Number of mobile students enrolled and graduated by country of origin,I,CAN,Canada,ISCED11_5T8,Tertiary education,ENRL,Students enrolled,FE,"Formal education, includes formal initial and formal adult education programmes",_T,Total,_T,Total,_T,Total,A,Annual,W,World,_Z,Not applicable,INST_EDU,All educational institutions,MOB,Mobile including homecoming nationals,PS,Persons,_T,Total,_T,Total,2016,,189478,,,,,,,,,,A,Normal value,,,,,0,Zero,,,0,Units
DATAFLOW,OECD.EDU.IMEP:DSD_EAG_UOE_NON_FIN_STUD@DF_UOE_NF_RAW_MOB(1.0),Number of mobile students enrolled and graduated by country of origin,I,CAN,Canada,ISCED11_5T8,Tertiary education,ENRL,Students enrolled,FE,"Formal education, includes formal initial and formal adult education programmes",_T,Total,_T,Total,_T,Total,A,Annual,W,World,_Z,Not applicable,INST_EDU,All educational institutions,MOB,Mobile including homecoming nationals,PS,Persons,_T,Total,_T,Total,2017,,209979,,,,,,,,,,A,Normal value,,,,,0,Zero,,,0,Units
DATAFLOW,OECD.EDU.IMEP:DSD_EAG_UOE_NON_FIN_STUD@DF_UOE_NF_RAW_MOB(1.0),Number of mobile students enrolled and graduated by country of origin,I,CAN,Canada,ISCED11_5T8,Tertiary education,ENRL,Students enrolled,FE,"Formal education, includes formal initial and formal adult education programmes",_T,Total,_T,Total,_T,Total,A,Annual,W,World,_Z,Not applicable,INST_EDU,All educational institutions,MOB,Mobile including homecoming nationals,PS,Persons,_T,Total,_T,Total,2018,,224548.307278632,,,,,,,,,,A,Normal value,,,,,0,Zero,,,0,Units
DATAFLOW,OECD.EDU.IMEP:DSD_EAG_UOE_NON_FIN_STUD@DF_UOE_NF_RAW_MOB(1.0),Number of mobile students enrolled and graduated by country of origin,I,CAN,Canada,ISCED11_5T8,Tertiary education,ENRL,Students enrolled,FE,"Formal education, includes formal initial and formal adult education programmes",_T,Total,_T,Total,_T,Total,A,Annual,W,World,_Z,Not applicable,INST_EDU,All educational institutions,MOB,Mobile including homecoming nationals,PS,Persons,_T,Total,_T,Total,2019,,279167.858122001,,,,,,,,,,A,Normal value,,,,,0,Zero,,,0,Units
DATAFLOW,OECD.EDU.IMEP:DSD_EAG_UOE_NON_FIN_STUD@DF_UOE_NF_RAW_MOB(1.0),Number of mobile students enrolled and graduated by country of origin,I,CAN,Canada,ISCED11_5T8,Tertiary education,ENRL,Students enrolled,FE,"Formal education, includes formal initial and formal adult education programmes",_T,Total,_T,Total,_T,Total,A,Annual,W,World,_Z,Not applicable,INST_EDU,All educational institutions,MOB,Mobile including homecoming nationals,PS,Persons,_T,Total,_T,Total,2020,,323157,,,,,,,,,,A,Normal value,,,,,0,Zero,,,0,Units
DATAFLOW,OECD.EDU.IMEP:DSD_EAG_UOE_NON_FIN_STUD@DF_UOE_NF_RAW_MOB(1.0),Number of mobile students enrolled and graduated by country of origin,I,CAN,Canada,ISCED11_5T8,Tertiary education,ENRL,Students enrolled,FE,"Formal education, includes formal initial and formal adult education programmes",_T,Total,_T,Total,_T,Total,A,Annual,W,World,_Z,Not applicable,INST_EDU,All educational institutions,MOB,Mobile including homecoming nationals,PS,Persons,_T,Total,_T,Total,2021,,312630,,,,,,,,,,A,Normal value,,,,,0,Zero,,,0,Units
DATAFLOW,OECD.EDU.IMEP:DSD_EAG_UOE_NON_FIN_STUD@DF_UOE_NF_RAW_MOB(1.0),Number of mobile students enrolled and graduated by country of origin,I,FRA,France,ISCED11_5T8,Tertiary education,ENRL,Students enrolled,FE,"Formal education, includes formal initial and formal adult education programmes",_T,Total,_T,Total,_T,Total,A,Annual,W,World,_Z,Not applicable,INST_EDU,All educational institutions,MOB,Mobile including homecoming nationals,PS,Persons,_T,Total,_T,Total,2013,,228639,,,,,,,,,,A,Normal value,,,,,0,Zero,,,0,Units
DATAFLOW,OECD.EDU.IMEP:DSD_EAG_UOE_NON_FIN_STUD@DF_UOE_NF_RAW_MOB(1.0),Number of mobile students enrolled and graduated by country of origin,I,FRA,France,ISCED11_5T8,Tertiary education,ENRL,Students enrolled,FE,"Formal education, includes formal initial and formal adult education programmes",_T,Total,_T,Total,_T,Total,A,Annual,W,World,_Z,Not applicable,INST_EDU,All educational institutions,MOB,Mobile including homecoming nationals,PS,Persons,_T,Total,_T,Total,2014,,235123,,,,,,,,,,A,Normal value,,,,,0,Zero,,,0,Units
DATAFLOW,OECD.EDU.IMEP:DSD_EAG_UOE_NON_FIN_STUD@DF_UOE_NF_RAW_MOB(1.0),Number of mobile students enrolled and graduated by country of origin,I,FRA,France,ISCED11_5T8,Tertiary education,ENRL,Students enrolled,FE,"Formal education, includes formal initial and formal adult education programmes",_T,Total,_T,Total,_T,Total,A,Annual,W,World,_Z,Not applicable,INST_EDU,All educational institutions,MOB,Mobile including homecoming nationals,PS,Persons,_T,Total,_T,Total,2015,,239409,,,,,,,,,,A,Normal value,,,,,0,Zero,,,0,Units
DATAFLOW,OECD.EDU.IMEP:DSD_EAG_UOE_NON_FIN_STUD@DF_UOE_NF_RAW_MOB(1.0),Number of mobile students enrolled and graduated by country of origin,I,FRA,France,ISCED11_5T8,Tertiary education,ENRL,Students enrolled,FE,"Formal education, includes formal initial and formal adult education programmes",_T,Total,_T,Total,_T,Total,A,Annual,W,World,_Z,Not applicable,INST_EDU,All educational institutions,MOB,Mobile including homecoming nationals,PS,Persons,_T,Total,_T,Total,2016,,245349,,,,,,,,,,A,Normal value,,,,,0,Zero,,,0,Units
DATAFLOW,OECD.EDU.IMEP:DSD_EAG_UOE_NON_FIN_STUD@DF_UOE_NF_RAW_MOB(1.0),Number of mobile students enrolled and graduated by country of origin,I,FRA,France,ISCED11_5T8,Tertiary education,ENRL,Students enrolled,FE,"Formal education, includes formal initial and formal adult education programmes",_T,Total,_T,Total,_T,Total,A,Annual,W,World,_Z,Not applicable,INST_EDU,All educational institutions,MOB,Mobile including homecoming nationals,PS,Persons,_T,Total,_T,Total,2017,,258380,,,,,,,,,,A,Normal value,,,,,0,Zero,,,0,Units
DATAFLOW,OECD.EDU.IMEP:DSD_EAG_UOE_NON_FIN_STUD@DF_UOE_NF_RAW_MOB(1.0),Number of mobile students enrolled and graduated by country of origin,I,FRA,France,ISCED11_5T8,Tertiary education,ENRL,Students enrolled,FE,"Formal education, includes formal initial and formal adult education programmes",_T,Total,_T,Total,_T,Total,A,Annual,W,World,_Z,Not applicable,INST_EDU,All educational institutions,MOB,Mobile including homecoming nationals,PS,Persons,_T,Total,_T,Total,2018,,229623,,,,,,,,,,A,Normal value,,,,,0,Zero,,,0,Units
DATAFLOW,OECD.EDU.IMEP:DSD_EAG_UOE_NON_FIN_STUD@DF_UOE_NF_RAW_MOB(1.0),Number of mobile students enrolled and graduated by country of origin,I,FRA,France,ISCED11_5T8,Tertiary education,ENRL,Students enrolled,FE,"Formal education, includes formal initial and formal adult education programmes",_T,Total,_T,Total,_T,Total,A,Annual,W,World,_Z,Not applicable,INST_EDU,All educational institutions,MOB,Mobile including homecoming nationals,PS,Persons,_T,Total,_T,Total,2019,,246378,,,,,,,,,,A,Normal value,,,,,0,Zero,,,0,Units
DATAFLOW,OECD.EDU.IMEP:DSD_EAG_UOE_NON_FIN_STUD@DF_UOE_NF_RAW_MOB(1.0),Number of mobile students enrolled and graduated by country of origin,I,FRA,France,ISCED11_5T8,Tertiary education,ENRL,Students enrolled,FE,"Formal education, includes formal initial and formal adult education programmes",_T,Total,_T,Total,_T,Total,A,Annual,W,World,_Z,Not applicable,INST_EDU,All educational institutions,MOB,Mobile including homecoming nationals,PS,Persons,_T,Total,_T,Total,2020,,252444,,,,,,,,,,A,Normal value,,,,,0,Zero,,,0,Units
DATAFLOW,OECD.EDU.IMEP:DSD_EAG_UOE_NON_FIN_STUD@DF_UOE_NF_RAW_MOB(1.0),Number of mobile students enrolled and graduated by country of origin,I,FRA,France,ISCED11_5T8,Tertiary education,ENRL,Students enrolled,FE,"Formal education, includes formal initial and formal adult education programmes",_T,Total,_T,Total,_T,Total,A,Annual,W,World,_Z,Not applicable,INST_EDU,All educational institutions,MOB,Mobile including homecoming nationals,PS,Persons,_T,Total,_T,Total,2021,,252856,,,,,,,,,,A,Normal value,,,,,0,Zero,,,0,Units
DATAFLOW,OECD.EDU.IMEP:DSD_EAG_UOE_NON_FIN_STUD@DF_UOE_NF_RAW_MOB(1.0),Number of mobile students enrolled and graduated by country of origin,I,DEU,Germany,ISCED11_5T8,Tertiary education,ENRL,Students enrolled,FE,"Formal education, includes formal initial and formal adult education programmes",_T,Total,_T,Total,_T,Total,A,Annual,W,World,_Z,Not applicable,INST_EDU,All educational institutions,MOB,Mobile including homecoming nationals,PS,Persons,_T,Total,_T,Total,2013,,196619,,,,,,,,,,A,Normal value,,,,,0,Zero,,,0,Units
DATAFLOW,OECD.EDU.IMEP:DSD_EAG_UOE_NON_FIN_STUD@DF_UOE_NF_RAW_MOB(1.0),Number of mobile students enrolled and graduated by country of origin,I,DEU,Germany,ISCED11_5T8,Tertiary education,ENRL,Students enrolled,FE,"Formal education, includes formal initial and formal adult education programmes",_T,Total,_T,Total,_T,Total,A,Annual,W,World,_Z,Not applicable,INST_EDU,All educational institutions,MOB,Mobile including homecoming nationals,PS,Persons,_T,Total,_T,Total,2014,,239134,,,,,,,,,,A,Normal value,,,,,0,Zero,,,0,Units
DATAFLOW,OECD.EDU.IMEP:DSD_EAG_UOE_NON_FIN_STUD@DF_UOE_NF_RAW_MOB(1.0),Number of mobile students enrolled and graduated by country of origin,I,DEU,Germany,ISCED11_5T8,Tertiary education,ENRL,Students enrolled,FE,"Formal education, includes formal initial and formal adult education programmes",_T,Total,_T,Total,_T,Total,A,Annual,W,World,_Z,Not applicable,INST_EDU,All educational institutions,MOB,Mobile including homecoming nationals,PS,Persons,_T,Total,_T,Total,2015,,228756,,,,,,,,,,A,Normal value,,,,,0,Zero,,,0,Units
DATAFLOW,OECD.EDU.IMEP:DSD_EAG_UOE_NON_FIN_STUD@DF_UOE_NF_RAW_MOB(1.0),Number of mobile students enrolled and graduated by country of origin,I,DEU,Germany,ISCED11_5T8,Tertiary education,ENRL,Students enrolled,FE,"Formal education, includes formal initial and formal adult education programmes",_T,Total,_T,Total,_T,Total,A,Annual,W,World,_Z,Not applicable,INST_EDU,All educational institutions,MOB,Mobile including homecoming nationals,PS,Persons,_T,Total,_T,Total,2016,,244575,,,,,,,,,,A,Normal value,,,,,0,Zero,,,0,Units
DATAFLOW,OECD.EDU.IMEP:DSD_EAG_UOE_NON_FIN_STUD@DF_UOE_NF_RAW_MOB(1.0),Number of mobile students enrolled and graduated by country of origin,I,DEU,Germany,ISCED11_5T8,Tertiary education,ENRL,Students enrolled,FE,"Formal education, includes formal initial and formal adult education programmes",_T,Total,_T,Total,_T,Total,A,Annual,W,World,_Z,Not applicable,INST_EDU,All educational institutions,MOB,Mobile including homecoming nationals,PS,Persons,_T,Total,_T,Total,2017,,258873,,,,,,,,,,A,Normal value,,,,,0,Zero,,,0,Units
DATAFLOW,OECD.EDU.IMEP:DSD_EAG_UOE_NON_FIN_STUD@DF_UOE_NF_RAW_MOB(1.0),Number of mobile students enrolled and graduated by country of origin,I,DEU,Germany,ISCED11_5T8,Tertiary education,ENRL,Students enrolled,FE,"Formal education, includes formal initial and formal adult education programmes",_T,Total,_T,Total,_T,Total,A,Annual,W,World,_Z,Not applicable,INST_EDU,All educational institutions,MOB,Mobile including homecoming nationals,PS,Persons,_T,Total,_T,Total,2018,,311738,,,,,,,,,,A,Normal value,,,,,0,Zero,,,0,Units
DATAFLOW,OECD.EDU.IMEP:DSD_EAG_UOE_NON_FIN_STUD@DF_UOE_NF_RAW_MOB(1.0),Number of mobile students enrolled and graduated by country of origin,I,DEU,Germany,ISCED11_5T8,Tertiary education,ENRL,Students enrolled,FE,"Formal education, includes formal initial and formal adult education programmes",_T,Total,_T,Total,_T,Total,A,Annual,W,World,_Z,Not applicable,INST_EDU,All educational institutions,MOB,Mobile including homecoming nationals,PS,Persons,_T,Total,_T,Total,2019,,333233,,,,,,,,,,A,Normal value,,,,,0,Zero,,,0,Units
DATAFLOW,OECD.EDU.IMEP:DSD_EAG_UOE_NON_FIN_STUD@DF_UOE_NF_RAW_MOB(1.0),Number of mobile students enrolled and graduated by country of origin,I,DEU,Germany,ISCED11_5T8,Tertiary education,ENRL,Students enrolled,FE,"Formal education, includes formal initial and formal adult education programmes",_T,Total,_T,Total,_T,Total,A,Annual,W,World,_Z,Not applicable,INST_EDU,All educational institutions,MOB,Mobile including homecoming nationals,PS,Persons,_T,Total,_T,Total,2020,,368717,,,,,,,,,,A,Normal value,,,,,0,Zero,,,0,Units
DATAFLOW,OECD.EDU.IMEP:DSD_EAG_UOE_NON_FIN_STUD@DF_UOE_NF_RAW_MOB(1.0),Number of mobile students enrolled and graduated by country of origin,I,DEU,Germany,ISCED11_5T8,Tertiary education,ENRL,Students enrolled,FE,"Formal education, includes formal initial and formal adult education programmes",_T,Total,_T,Total,_T,Total,A,Annual,W,World,_Z,Not applicable,INST_EDU,All educational institutions,MOB,Mobile including homecoming nationals,PS,Persons,_T,Total,_T,Total,2021,,376359,,,,,,,,,,A,Normal value,,,,,0,Zero,,,0,Units
DATAFLOW,OECD.EDU.IMEP:DSD_EAG_UOE_NON_FIN_STUD@DF_UOE_NF_RAW_MOB(1.0),Number of mobile students enrolled and graduated by country of origin,I,IRL,Ireland,ISCED11_5T8,Tertiary education,ENRL,Students enrolled,FE,"Formal education, includes formal initial and formal adult education programmes",_T,Total,_T,Total,_T,Total,A,Annual,W,World,_Z,Not applicable,INST_EDU,All educational institutions,MOB,Mobile including homecoming nationals,PS,Persons,_T,Total,_T,Total,2013,,12861,,,,,,,,,,A,Normal value,,,,,0,Zero,,,0,Units
DATAFLOW,OECD.EDU.IMEP:DSD_EAG_UOE_NON_FIN_STUD@DF_UOE_NF_RAW_MOB(1.0),Number of mobile students enrolled and graduated by country of origin,I,IRL,Ireland,ISCED11_5T8,Tertiary education,ENRL,Students enrolled,FE,"Formal education, includes formal initial and formal adult education programmes",_T,Total,_T,Total,_T,Total,A,Annual,W,World,_Z,Not applicable,INST_EDU,All educational institutions,MOB,Mobile including homecoming nationals,PS,Persons,_T,Total,_T,Total,2014,,14268,,,,,,,,,,A,Normal value,,,,,0,Zero,,,0,Units
DATAFLOW,OECD.EDU.IMEP:DSD_EAG_UOE_NON_FIN_STUD@DF_UOE_NF_RAW_MOB(1.0),Number of mobile students enrolled and graduated by country of origin,I,IRL,Ireland,ISCED11_5T8,Tertiary education,ENRL,Students enrolled,FE,"Formal education, includes formal initial and formal adult education programmes",_T,Total,_T,Total,_T,Total,A,Annual,W,World,_Z,Not applicable,INST_EDU,All educational institutions,MOB,Mobile including homecoming nationals,PS,Persons,_T,Total,_T,Total,2015,,18651,,,,,,,,,,A,Normal value,,,,,0,Zero,,,0,Units
DATAFLOW,OECD.EDU.IMEP:DSD_EAG_UOE_NON_FIN_STUD@DF_UOE_NF_RAW_MOB(1.0),Number of mobile students enrolled and graduated by country of origin,I,IRL,Ireland,ISCED11_5T8,Tertiary education,ENRL,Students enrolled,FE,"Formal education, includes formal initial and formal adult education programmes",_T,Total,_T,Total,_T,Total,A,Annual,W,World,_Z,Not applicable,INST_EDU,All educational institutions,MOB,Mobile including homecoming nationals,PS,Persons,_T,Total,_T,Total,2016,,17883,,,,,,,,,,A,Normal value,,,,,0,Zero,,,0,Units
DATAFLOW,OECD.EDU.IMEP:DSD_EAG_UOE_NON_FIN_STUD@DF_UOE_NF_RAW_MOB(1.0),Number of mobile students enrolled and graduated by country of origin,I,IRL,Ireland,ISCED11_5T8,Tertiary education,ENRL,Students enrolled,FE,"Formal education, includes formal initial and formal adult education programmes",_T,Total,_T,Total,_T,Total,A,Annual,W,World,_Z,Not applicable,INST_EDU,All educational institutions,MOB,Mobile including homecoming nationals,PS,Persons,_T,Total,_T,Total,2017,,19983,,,,,,,,,,A,Normal value,,,,,0,Zero,,,0,Units
DATAFLOW,OECD.EDU.IMEP:DSD_EAG_UOE_NON_FIN_STUD@DF_UOE_NF_RAW_MOB(1.0),Number of mobile students enrolled and graduated by country of origin,I,IRL,Ireland,ISCED11_5T8,Tertiary education,ENRL,Students enrolled,FE,"Formal education, includes formal initial and formal adult education programmes",_T,Total,_T,Total,_T,Total,A,Annual,W,World,_Z,Not applicable,INST_EDU,All educational institutions,MOB,Mobile including homecoming nationals,PS,Persons,_T,Total,_T,Total,2018,,22283,,,,,,,,,,A,Normal value,,,,,0,Zero,,,0,Units
DATAFLOW,OECD.EDU.IMEP:DSD_EAG_UOE_NON_FIN_STUD@DF_UOE_NF_RAW_MOB(1.0),Number of mobile students enrolled and graduated by country of origin,I,IRL,Ireland,ISCED11_5T8,Tertiary education,ENRL,Students enrolled,FE,"Formal education, includes formal initial and formal adult education programmes",_T,Total,_T,Total,_T,Total,A,Annual,W,World,_Z,Not applicable,INST_EDU,All educational institutions,MOB,Mobile including homecoming nationals,PS,Persons,_T,Total,_T,Total,2019,,24913,,,,,,,,,,A,Normal value,,,,,0,Zero,,,0,Units
DATAFLOW,OECD.EDU.IMEP:DSD_EAG_UOE_NON_FIN_STUD@DF_UOE_NF_RAW_MOB(1.0),Number of mobile students enrolled and graduated by country of origin,I,IRL,Ireland,ISCED11_5T8,Tertiary education,ENRL,Students enrolled,FE,"Formal education, includes formal initial and formal adult education programmes",_T,Total,_T,Total,_T,Total,A,Annual,W,World,_Z,Not applicable,INST_EDU,All educational institutions,MOB,Mobile including homecoming nationals,PS,Persons,_T,Total,_T,Total,2020,,24141,,,,,,,,,,A,Normal value,,,,,0,Zero,,,0,Units
DATAFLOW,OECD.EDU.IMEP:DSD_EAG_UOE_NON_FIN_STUD@DF_UOE_NF_RAW_MOB(1.0),Number of mobile students enrolled and graduated by country of origin,I,IRL,Ireland,ISCED11_5T8,Tertiary education,ENRL,Students enrolled,FE,"Formal education, includes formal initial and formal adult education programmes",_T,Total,_T,Total,_T,Total,A,Annual,W,World,_Z,Not applicable,INST_EDU,All educational institutions,MOB,Mobile including homecoming nationals,PS,Persons,_T,Total,_T,Total,2021,,23196,,,,,,,,,,A,Normal value,,,,,0,Zero,,,0,Units
DATAFLOW,OECD.EDU.IMEP:DSD_EAG_UOE_NON_FIN_STUD@DF_UOE_NF_RAW_MOB(1.0),Number of mobile students enrolled and graduated by country of origin,I,JPN,Japan,ISCED11_5T8,Tertiary education,ENRL,Students enrolled,FE,"Formal education, includes formal initial and formal adult education programmes",_T,Total,_T,Total,_T,Total,A,Annual,W,World,_Z,Not applicable,INST_EDU,All educational institutions,MOB,Mobile including homecoming nationals,PS,Persons,_T,Total,_T,Total,2013,,135803,,,,,,,,,,A,Normal value,,,,,0,Zero,,,0,Units
DATAFLOW,OECD.EDU.IMEP:DSD_EAG_UOE_NON_FIN_STUD@DF_UOE_NF_RAW_MOB(1.0),Number of mobile students enrolled and graduated by country of origin,I,JPN,Japan,ISCED11_5T8,Tertiary education,ENRL,Students enrolled,FE,"Formal education, includes formal initial and formal adult education programmes",_T,Total,_T,Total,_T,Total,A,Annual,W,World,_Z,Not applicable,INST_EDU,All educational institutions,MOB,Mobile including homecoming nationals,PS,Persons,_T,Total,_T,Total,2014,,132685,,,,,,,,,,A,Normal value,,,,,0,Zero,,,0,Units
DATAFLOW,OECD.EDU.IMEP:DSD_EAG_UOE_NON_FIN_STUD@DF_UOE_NF_RAW_MOB(1.0),Number of mobile students enrolled and graduated by country of origin,I,JPN,Japan,ISCED11_5T8,Tertiary education,ENRL,Students enrolled,FE,"Formal education, includes formal initial and formal adult education programmes",_T,Total,_T,Total,_T,Total,A,Annual,W,World,_Z,Not applicable,INST_EDU,All educational institutions,MOB,Mobile including homecoming nationals,PS,Persons,_T,Total,_T,Total,2015,,131980,,,,,,,,,,A,Normal value,,,,,0,Zero,,,0,Units
DATAFLOW,OECD.EDU.IMEP:DSD_EAG_UOE_NON_FIN_STUD@DF_UOE_NF_RAW_MOB(1.0),Number of mobile students enrolled and graduated by country of origin,I,JPN,Japan,ISCED11_5T8,Tertiary education,ENRL,Students enrolled,FE,"Formal education, includes formal initial and formal adult education programmes",_T,Total,_T,Total,_T,Total,A,Annual,W,World,_Z,Not applicable,INST_EDU,All educational institutions,MOB,Mobile including homecoming nationals,PS,Persons,_T,Total,_T,Total,2016,,143457,,,,,,,,,,A,Normal value,,,,,0,Zero,,,0,Units
DATAFLOW,OECD.EDU.IMEP:DSD_EAG_UOE_NON_FIN_STUD@DF_UOE_NF_RAW_MOB(1.0),Number of mobile students enrolled and graduated by country of origin,I,JPN,Japan,ISCED11_5T8,Tertiary education,ENRL,Students enrolled,FE,"Formal education, includes formal initial and formal adult education programmes",_T,Total,_T,Total,_T,Total,A,Annual,W,World,_Z,Not applicable,INST_EDU,All educational institutions,MOB,Mobile including homecoming nationals,PS,Persons,_T,Total,_T,Total,2017,,164338,,,,,,,,,,A,Normal value,,,,,0,Zero,,,0,Units
DATAFLOW,OECD.EDU.IMEP:DSD_EAG_UOE_NON_FIN_STUD@DF_UOE_NF_RAW_MOB(1.0),Number of mobile students enrolled and graduated by country of origin,I,JPN,Japan,ISCED11_5T8,Tertiary education,ENRL,Students enrolled,FE,"Formal education, includes formal initial and formal adult education programmes",_T,Total,_T,Total,_T,Total,A,Annual,W,World,_Z,Not applicable,INST_EDU,All educational institutions,MOB,Mobile including homecoming nationals,PS,Persons,_T,Total,_T,Total,2018,,182748,,,,,,,,,,A,Normal value,,,,,0,Zero,,,0,Units
DATAFLOW,OECD.EDU.IMEP:DSD_EAG_UOE_NON_FIN_STUD@DF_UOE_NF_RAW_MOB(1.0),Number of mobile students enrolled and graduated by country of origin,I,JPN,Japan,ISCED11_5T8,Tertiary education,ENRL,Students enrolled,FE,"Formal education, includes formal initial and formal adult education programmes",_T,Total,_T,Total,_T,Total,A,Annual,W,World,_Z,Not applicable,INST_EDU,All educational institutions,MOB,Mobile including homecoming nationals,PS,Persons,_T,Total,_T,Total,2019,,202907,,,,,,,,,,A,Normal value,,,,,0,Zero,,,0,Units
DATAFLOW,OECD.EDU.IMEP:DSD_EAG_UOE_NON_FIN_STUD@DF_UOE_NF_RAW_MOB(1.0),Number of mobile students enrolled and graduated by country of origin,I,JPN,Japan,ISCED11_5T8,Tertiary education,ENRL,Students enrolled,FE,"Formal education, includes formal initial and formal adult education programmes",_T,Total,_T,Total,_T,Total,A,Annual,W,World,_Z,Not applicable,INST_EDU,All educational institutions,MOB,Mobile including homecoming nationals,PS,Persons,_T,Total,_T,Total,2020,,222661,,,,,,,,,,A,Normal value,,,,,0,Zero,,,0,Units
DATAFLOW,OECD.EDU.IMEP:DSD_EAG_UOE_NON_FIN_STUD@DF_UOE_NF_RAW_MOB(1.0),Number of mobile students enrolled and graduated by country of origin,I,JPN,Japan,ISCED11_5T8,Tertiary education,ENRL,Students enrolled,FE,"Formal education, includes formal initial and formal adult education programmes",_T,Total,_T,Total,_T,Total,A,Annual,W,World,_Z,Not applicable,INST_EDU,All educational institutions,MOB,Mobile including homecoming nationals,PS,Persons,_T,Total,_T,Total,2021,,216241,,,,,,,,,,A,Normal value,,,,,0,Zero,,,0,Units
DATAFLOW,OECD.EDU.IMEP:DSD_EAG_UOE_NON_FIN_STUD@DF_UOE_NF_RAW_MOB(1.0),Number of mobile students enrolled and graduated by country of origin,I,NLD,Netherlands,ISCED11_5T8,Tertiary education,ENRL,Students enrolled,FE,"Formal education, includes formal initial and formal adult education programmes",_T,Total,_T,Total,_T,Total,A,Annual,W,World,_Z,Not applicable,INST_EDU,All educational institutions,MOB,Mobile including homecoming nationals,PS,Persons,_T,Total,_T,Total,2013,,63788,,,,,,,,,,A,Normal value,,,,,0,Zero,,,0,Units
DATAFLOW,OECD.EDU.IMEP:DSD_EAG_UOE_NON_FIN_STUD@DF_UOE_NF_RAW_MOB(1.0),Number of mobile students enrolled and graduated by country of origin,I,NLD,Netherlands,ISCED11_5T8,Tertiary education,ENRL,Students enrolled,FE,"Formal education, includes formal initial and formal adult education programmes",_T,Total,_T,Total,_T,Total,A,Annual,W,World,_Z,Not applicable,INST_EDU,All educational institutions,MOB,Mobile including homecoming nationals,PS,Persons,_T,Total,_T,Total,2014,,65620,,,,,,,,,,A,Normal value,,,,,0,Zero,,,0,Units
DATAFLOW,OECD.EDU.IMEP:DSD_EAG_UOE_NON_FIN_STUD@DF_UOE_NF_RAW_MOB(1.0),Number of mobile students enrolled and graduated by country of origin,I,NLD,Netherlands,ISCED11_5T8,Tertiary education,ENRL,Students enrolled,FE,"Formal education, includes formal initial and formal adult education programmes",_T,Total,_T,Total,_T,Total,A,Annual,W,World,_Z,Not applicable,INST_EDU,All educational institutions,MOB,Mobile including homecoming nationals,PS,Persons,_T,Total,_T,Total,2015,,80941,,,,,,,,,,A,Normal value,,,,,0,Zero,,,0,Units
DATAFLOW,OECD.EDU.IMEP:DSD_EAG_UOE_NON_FIN_STUD@DF_UOE_NF_RAW_MOB(1.0),Number of mobile students enrolled and graduated by country of origin,I,NLD,Netherlands,ISCED11_5T8,Tertiary education,ENRL,Students enrolled,FE,"Formal education, includes formal initial and formal adult education programmes",_T,Total,_T,Total,_T,Total,A,Annual,W,World,_Z,Not applicable,INST_EDU,All educational institutions,MOB,Mobile including homecoming nationals,PS,Persons,_T,Total,_T,Total,2016,,83882,,,,,,,,,,A,Normal value,,,,,0,Zero,,,0,Units
DATAFLOW,OECD.EDU.IMEP:DSD_EAG_UOE_NON_FIN_STUD@DF_UOE_NF_RAW_MOB(1.0),Number of mobile students enrolled and graduated by country of origin,I,NLD,Netherlands,ISCED11_5T8,Tertiary education,ENRL,Students enrolled,FE,"Formal education, includes formal initial and formal adult education programmes",_T,Total,_T,Total,_T,Total,A,Annual,W,World,_Z,Not applicable,INST_EDU,All educational institutions,MOB,Mobile including homecoming nationals,PS,Persons,_T,Total,_T,Total,2017,,89756,,,,,,,,,,A,Normal value,,,,,0,Zero,,,0,Units
DATAFLOW,OECD.EDU.IMEP:DSD_EAG_UOE_NON_FIN_STUD@DF_UOE_NF_RAW_MOB(1.0),Number of mobile students enrolled and graduated by country of origin,I,NLD,Netherlands,ISCED11_5T8,Tertiary education,ENRL,Students enrolled,FE,"Formal education, includes formal initial and formal adult education programmes",_T,Total,_T,Total,_T,Total,A,Annual,W,World,_Z,Not applicable,INST_EDU,All educational institutions,MOB,Mobile including homecoming nationals,PS,Persons,_T,Total,_T,Total,2018,,97800,,,,,,,,,,A,Normal value,,,,,0,Zero,,,0,Units
DATAFLOW,OECD.EDU.IMEP:DSD_EAG_UOE_NON_FIN_STUD@DF_UOE_NF_RAW_MOB(1.0),Number of mobile students enrolled and graduated by country of origin,I,NLD,Netherlands,ISCED11_5T8,Tertiary education,ENRL,Students enrolled,FE,"Formal education, includes formal initial and formal adult education programmes",_T,Total,_T,Total,_T,Total,A,Annual,W,World,_Z,Not applicable,INST_EDU,All educational institutions,MOB,Mobile including homecoming nationals,PS,Persons,_T,Total,_T,Total,2019,,108353,,,,,,,,,,A,Normal value,,,,,0,Zero,,,0,Units
DATAFLOW,OECD.EDU.IMEP:DSD_EAG_UOE_NON_FIN_STUD@DF_UOE_NF_RAW_MOB(1.0),Number of mobile students enrolled and graduated by country of origin,I,NLD,Netherlands,ISCED11_5T8,Tertiary education,ENRL,Students enrolled,FE,"Formal education, includes formal initial and formal adult education programmes",_T,Total,_T,Total,_T,Total,A,Annual,W,World,_Z,Not applicable,INST_EDU,All educational institutions,MOB,Mobile including homecoming nationals,PS,Persons,_T,Total,_T,Total,2020,,117019,,,,,,,,,,A,Normal value,,,,,0,Zero,,,0,Units
DATAFLOW,OECD.EDU.IMEP:DSD_EAG_UOE_NON_FIN_STUD@DF_UOE_NF_RAW_MOB(1.0),Number of mobile students enrolled and graduated by country of origin,I,NLD,Netherlands,ISCED11_5T8,Tertiary education,ENRL,Students enrolled,FE,"Formal education, includes formal initial and formal adult education programmes",_T,Total,_T,Total,_T,Total,A,Annual,W,World,_Z,Not applicable,INST_EDU,All educational institutions,MOB,Mobile including homecoming nationals,PS,Persons,_T,Total,_T,Total,2021,,127384,,,,,,,,,,A,Normal value,,,,,0,Zero,,,0,Units
DATAFLOW,OECD.EDU.IMEP:DSD_EAG_UOE_NON_FIN_STUD@DF_UOE_NF_RAW_MOB(1.0),Number of mobile students enrolled and graduated by country of origin,I,NZL,New Zealand,ISCED11_5T8,Tertiary education,ENRL,Students enrolled,FE,"Formal education, includes formal initial and formal adult education programmes",_T,Total,_T,Total,_T,Total,A,Annual,W,World,_Z,Not applicable,INST_EDU,All educational institutions,MOB,Mobile including homecoming nationals,PS,Persons,_T,Total,_T,Total,2013,,41239.3472025253,,,,,,,,,,A,Normal value,,,,,0,Zero,,,0,Units
DATAFLOW,OECD.EDU.IMEP:DSD_EAG_UOE_NON_FIN_STUD@DF_UOE_NF_RAW_MOB(1.0),Number of mobile students enrolled and graduated by country of origin,I,NZL,New Zealand,ISCED11_5T8,Tertiary education,ENRL,Students enrolled,FE,"Formal education, includes formal initial and formal adult education programmes",_T,Total,_T,Total,_T,Total,A,Annual,W,World,_Z,Not applicable,INST_EDU,All educational institutions,MOB,Mobile including homecoming nationals,PS,Persons,_T,Total,_T,Total,2014,,48809.3619844042,,,,,,,,,,A,Normal value,,,,,0,Zero,,,0,Units
DATAFLOW,OECD.EDU.IMEP:DSD_EAG_UOE_NON_FIN_STUD@DF_UOE_NF_RAW_MOB(1.0),Number of mobile students enrolled and graduated by country of origin,I,NZL,New Zealand,ISCED11_5T8,Tertiary education,ENRL,Students enrolled,FE,"Formal education, includes formal initial and formal adult education programmes",_T,Total,_T,Total,_T,Total,A,Annual,W,World,_Z,Not applicable,INST_EDU,All educational institutions,MOB,Mobile including homecoming nationals,PS,Persons,_T,Total,_T,Total,2015,,57091.0279769771,,,,,,,,,,A,Normal value,,,,,0,Zero,,,0,Units
DATAFLOW,OECD.EDU.IMEP:DSD_EAG_UOE_NON_FIN_STUD@DF_UOE_NF_RAW_MOB(1.0),Number of mobile students enrolled and graduated by country of origin,I,NZL,New Zealand,ISCED11_5T8,Tertiary education,ENRL,Students enrolled,FE,"Formal education, includes formal initial and formal adult education programmes",_T,Total,_T,Total,_T,Total,A,Annual,W,World,_Z,Not applicable,INST_EDU,All educational institutions,MOB,Mobile including homecoming nationals,PS,Persons,_T,Total,_T,Total,2016,,53854.2432038835,,,,,,,,,,A,Normal value,,,,,0,Zero,,,0,Units
DATAFLOW,OECD.EDU.IMEP:DSD_EAG_UOE_NON_FIN_STUD@DF_UOE_NF_RAW_MOB(1.0),Number of mobile students enrolled and graduated by country of origin,I,NZL,New Zealand,ISCED11_5T8,Tertiary education,ENRL,Students enrolled,FE,"Formal education, includes formal initial and formal adult education programmes",_T,Total,_T,Total,_T,Total,A,Annual,W,World,_Z,Not applicable,INST_EDU,All educational institutions,MOB,Mobile including homecoming nationals,PS,Persons,_T,Total,_T,Total,2017,,52678.4675568185,,,,,,,,,,A,Normal value,,,,,0,Zero,,,0,Units
DATAFLOW,OECD.EDU.IMEP:DSD_EAG_UOE_NON_FIN_STUD@DF_UOE_NF_RAW_MOB(1.0),Number of mobile students enrolled and graduated by country of origin,I,NZL,New Zealand,ISCED11_5T8,Tertiary education,ENRL,Students enrolled,FE,"Formal education, includes formal initial and formal adult education programmes",_T,Total,_T,Total,_T,Total,A,Annual,W,World,_Z,Not applicable,INST_EDU,All educational institutions,MOB,Mobile including homecoming nationals,PS,Persons,_T,Total,_T,Total,2018,,52702.4006244461,,,,,,,,,,A,Normal value,,,,,0,Zero,,,0,Units
DATAFLOW,OECD.EDU.IMEP:DSD_EAG_UOE_NON_FIN_STUD@DF_UOE_NF_RAW_MOB(1.0),Number of mobile students enrolled and graduated by country of origin,I,NZL,New Zealand,ISCED11_5T8,Tertiary education,ENRL,Students enrolled,FE,"Formal education, includes formal initial and formal adult education programmes",_T,Total,_T,Total,_T,Total,A,Annual,W,World,_Z,Not applicable,INST_EDU,All educational institutions,MOB,Mobile including homecoming nationals,PS,Persons,_T,Total,_T,Total,2019,,53001.5906640695,,,,,,,,,,A,Normal value,,,,,0,Zero,,,0,Units
DATAFLOW,OECD.EDU.IMEP:DSD_EAG_UOE_NON_FIN_STUD@DF_UOE_NF_RAW_MOB(1.0),Number of mobile students enrolled and graduated by country of origin,I,NZL,New Zealand,ISCED11_5T8,Tertiary education,ENRL,Students enrolled,FE,"Formal education, includes formal initial and formal adult education programmes",_T,Total,_T,Total,_T,Total,A,Annual,W,World,_Z,Not applicable,INST_EDU,All educational institutions,MOB,Mobile including homecoming nationals,PS,Persons,_T,Total,_T,Total,2020,,43699.1321102127,,,,,,,,,,A,Normal value,,,,,0,Zero,,,0,Units
DATAFLOW,OECD.EDU.IMEP:DSD_EAG_UOE_NON_FIN_STUD@DF_UOE_NF_RAW_MOB(1.0),Number of mobile students enrolled and graduated by country of origin,I,NZL,New Zealand,ISCED11_5T8,Tertiary education,ENRL,Students enrolled,FE,"Formal education, includes formal initial and formal adult education programmes",_T,Total,_T,Total,_T,Total,A,Annual,W,World,_Z,Not applicable,INST_EDU,All educational institutions,MOB,Mobile including homecoming nationals,PS,Persons,_T,Total,_T,Total,2021,,30650.4231242901,,,,,,,,,,A,Normal value,,,,,0,Zero,,,0,Units
DATAFLOW,OECD.EDU.IMEP:DSD_EAG_UOE_NON_FIN_STUD@DF_UOE_NF_RAW_MOB(1.0),Number of mobile students enrolled and graduated by country of origin,I,GBR,United Kingdom,ISCED11_5T8,Tertiary education,ENRL,Students enrolled,FE,"Formal education, includes formal initial and formal adult education programmes",_T,Total,_T,Total,_T,Total,A,Annual,W,World,_Z,Not applicable,INST_EDU,All educational institutions,MOB,Mobile including homecoming nationals,PS,Persons,_T,Total,_T,Total,2013,,416689,,,,,,,,,,A,Normal value,,,,,0,Zero,,,0,Units
DATAFLOW,OECD.EDU.IMEP:DSD_EAG_UOE_NON_FIN_STUD@DF_UOE_NF_RAW_MOB(1.0),Number of mobile students enrolled and graduated by country of origin,I,GBR,United Kingdom,ISCED11_5T8,Tertiary education,ENRL,Students enrolled,FE,"Formal education, includes formal initial and formal adult education programmes",_T,Total,_T,Total,_T,Total,A,Annual,W,World,_Z,Not applicable,INST_EDU,All educational institutions,MOB,Mobile including homecoming nationals,PS,Persons,_T,Total,_T,Total,2014,,428724,,,,,,,,,,A,Normal value,,,,,0,Zero,,,0,Units
DATAFLOW,OECD.EDU.IMEP:DSD_EAG_UOE_NON_FIN_STUD@DF_UOE_NF_RAW_MOB(1.0),Number of mobile students enrolled and graduated by country of origin,I,GBR,United Kingdom,ISCED11_5T8,Tertiary education,ENRL,Students enrolled,FE,"Formal education, includes formal initial and formal adult education programmes",_T,Total,_T,Total,_T,Total,A,Annual,W,World,_Z,Not applicable,INST_EDU,All educational institutions,MOB,Mobile including homecoming nationals,PS,Persons,_T,Total,_T,Total,2015,,430833,,,,,,,,,,A,Normal value,,,,,0,Zero,,,0,Units
DATAFLOW,OECD.EDU.IMEP:DSD_EAG_UOE_NON_FIN_STUD@DF_UOE_NF_RAW_MOB(1.0),Number of mobile students enrolled and graduated by country of origin,I,GBR,United Kingdom,ISCED11_5T8,Tertiary education,ENRL,Students enrolled,FE,"Formal education, includes formal initial and formal adult education programmes",_T,Total,_T,Total,_T,Total,A,Annual,W,World,_Z,Not applicable,INST_EDU,All educational institutions,MOB,Mobile including homecoming nationals,PS,Persons,_T,Total,_T,Total,2016,,432001,,,,,,,,,,A,Normal value,,,,,0,Zero,,,0,Units
DATAFLOW,OECD.EDU.IMEP:DSD_EAG_UOE_NON_FIN_STUD@DF_UOE_NF_RAW_MOB(1.0),Number of mobile students enrolled and graduated by country of origin,I,GBR,United Kingdom,ISCED11_5T8,Tertiary education,ENRL,Students enrolled,FE,"Formal education, includes formal initial and formal adult education programmes",_T,Total,_T,Total,_T,Total,A,Annual,W,World,_Z,Not applicable,INST_EDU,All educational institutions,MOB,Mobile including homecoming nationals,PS,Persons,_T,Total,_T,Total,2017,,435734,,,,,,,,,,A,Normal value,,,,,0,Zero,,,0,Units
DATAFLOW,OECD.EDU.IMEP:DSD_EAG_UOE_NON_FIN_STUD@DF_UOE_NF_RAW_MOB(1.0),Number of mobile students enrolled and graduated by country of origin,I,GBR,United Kingdom,ISCED11_5T8,Tertiary education,ENRL,Students enrolled,FE,"Formal education, includes formal initial and formal adult education programmes",_T,Total,_T,Total,_T,Total,A,Annual,W,World,_Z,Not applicable,INST_EDU,All educational institutions,MOB,Mobile including homecoming nationals,PS,Persons,_T,Total,_T,Total,2018,,452079,,,,,,,,,,A,Normal value,,,,,0,Zero,,,0,Units
DATAFLOW,OECD.EDU.IMEP:DSD_EAG_UOE_NON_FIN_STUD@DF_UOE_NF_RAW_MOB(1.0),Number of mobile students enrolled and graduated by country of origin,I,GBR,United Kingdom,ISCED11_5T8,Tertiary education,ENRL,Students enrolled,FE,"Formal education, includes formal initial and formal adult education programmes",_T,Total,_T,Total,_T,Total,A,Annual,W,World,_Z,Not applicable,INST_EDU,All educational institutions,MOB,Mobile including homecoming nationals,PS,Persons,_T,Total,_T,Total,2019,,489019,,,,,,,,,,A,Normal value,,,,,0,Zero,,,0,Units
DATAFLOW,OECD.EDU.IMEP:DSD_EAG_UOE_NON_FIN_STUD@DF_UOE_NF_RAW_MOB(1.0),Number of mobile students enrolled and graduated by country of origin,I,GBR,United Kingdom,ISCED11_5T8,Tertiary education,ENRL,Students enrolled,FE,"Formal education, includes formal initial and formal adult education programmes",_T,Total,_T,Total,_T,Total,A,Annual,W,World,_Z,Not applicable,INST_EDU,All educational institutions,MOB,Mobile including homecoming nationals,PS,Persons,_T,Total,_T,Total,2020,,550877,,,,,,,,,,A,Normal value,,,,,0,Zero,,,0,Units
DATAFLOW,OECD.EDU.IMEP:DSD_EAG_UOE_NON_FIN_STUD@DF_UOE_NF_RAW_MOB(1.0),Number of mobile students enrolled and graduated by country of origin,I,GBR,United Kingdom,ISCED11_5T8,Tertiary education,ENRL,Students enrolled,FE,"Formal education, includes formal initial and formal adult education programmes",_T,Total,_T,Total,_T,Total,A,Annual,W,World,_Z,Not applicable,INST_EDU,All educational institutions,MOB,Mobile including homecoming nationals,PS,Persons,_T,Total,_T,Total,2021,,600589,,,,,,,,,,A,Normal value,,,,,0,Zero,,,0,Units
DATAFLOW,OECD.EDU.IMEP:DSD_EAG_UOE_NON_FIN_STUD@DF_UOE_NF_RAW_MOB(1.0),Number of mobile students enrolled and graduated by country of origin,I,USA,United States,ISCED11_5T8,Tertiary education,ENRL,Students enrolled,FE,"Formal education, includes formal initial and formal adult education programmes",_T,Total,_T,Total,_T,Total,A,Annual,W,World,_Z,Not applicable,INST_EDU,All educational institutions,MOB,Mobile including homecoming nationals,PS,Persons,_T,Total,_T,Total,2013,,772173.07404527,,,,,,,,,,A,Normal value,,,,,0,Zero,,,0,Units
DATAFLOW,OECD.EDU.IMEP:DSD_EAG_UOE_NON_FIN_STUD@DF_UOE_NF_RAW_MOB(1.0),Number of mobile students enrolled and graduated by country of origin,I,USA,United States,ISCED11_5T8,Tertiary education,ENRL,Students enrolled,FE,"Formal education, includes formal initial and formal adult education programmes",_T,Total,_T,Total,_T,Total,A,Annual,W,World,_Z,Not applicable,INST_EDU,All educational institutions,MOB,Mobile including homecoming nationals,PS,Persons,_T,Total,_T,Total,2014,,829412.12074669,,,,,,,,,,A,Normal value,,,,,0,Zero,,,0,Units
DATAFLOW,OECD.EDU.IMEP:DSD_EAG_UOE_NON_FIN_STUD@DF_UOE_NF_RAW_MOB(1.0),Number of mobile students enrolled and graduated by country of origin,I,USA,United States,ISCED11_5T8,Tertiary education,ENRL,Students enrolled,FE,"Formal education, includes formal initial and formal adult education programmes",_T,Total,_T,Total,_T,Total,A,Annual,W,World,_Z,Not applicable,INST_EDU,All educational institutions,MOB,Mobile including homecoming nationals,PS,Persons,_T,Total,_T,Total,2015,,907250.8639853,,,,,,,,,,A,Normal value,,,,,0,Zero,,,0,Units
DATAFLOW,OECD.EDU.IMEP:DSD_EAG_UOE_NON_FIN_STUD@DF_UOE_NF_RAW_MOB(1.0),Number of mobile students enrolled and graduated by country of origin,I,USA,United States,ISCED11_5T8,Tertiary education,ENRL,Students enrolled,FE,"Formal education, includes formal initial and formal adult education programmes",_T,Total,_T,Total,_T,Total,A,Annual,W,World,_Z,Not applicable,INST_EDU,All educational institutions,MOB,Mobile including homecoming nationals,PS,Persons,_T,Total,_T,Total,2016,,971417.01949532,,,,,,,,,,A,Normal value,,,,,0,Zero,,,0,Units
DATAFLOW,OECD.EDU.IMEP:DSD_EAG_UOE_NON_FIN_STUD@DF_UOE_NF_RAW_MOB(1.0),Number of mobile students enrolled and graduated by country of origin,I,USA,United States,ISCED11_5T8,Tertiary education,ENRL,Students enrolled,FE,"Formal education, includes formal initial and formal adult education programmes",_T,Total,_T,Total,_T,Total,A,Annual,W,World,_Z,Not applicable,INST_EDU,All educational institutions,MOB,Mobile including homecoming nationals,PS,Persons,_T,Total,_T,Total,2017,,984897.60837707,,,,,,,,,,A,Normal value,,,,,0,Zero,,,0,Units
DATAFLOW,OECD.EDU.IMEP:DSD_EAG_UOE_NON_FIN_STUD@DF_UOE_NF_RAW_MOB(1.0),Number of mobile students enrolled and graduated by country of origin,I,USA,United States,ISCED11_5T8,Tertiary education,ENRL,Students enrolled,FE,"Formal education, includes formal initial and formal adult education programmes",_T,Total,_T,Total,_T,Total,A,Annual,W,World,_Z,Not applicable,INST_EDU,All educational institutions,MOB,Mobile including homecoming nationals,PS,Persons,_T,Total,_T,Total,2018,,987313.65276807,,,,,,,,,,A,Normal value,,,,,0,Zero,,,0,Units
DATAFLOW,OECD.EDU.IMEP:DSD_EAG_UOE_NON_FIN_STUD@DF_UOE_NF_RAW_MOB(1.0),Number of mobile students enrolled and graduated by country of origin,I,USA,United States,ISCED11_5T8,Tertiary education,ENRL,Students enrolled,FE,"Formal education, includes formal initial and formal adult education programmes",_T,Total,_T,Total,_T,Total,A,Annual,W,World,_Z,Not applicable,INST_EDU,All educational institutions,MOB,Mobile including homecoming nationals,PS,Persons,_T,Total,_T,Total,2019,,976852.840865924,,,,,,,,,,A,Normal value,,,,,0,Zero,,,0,Units
DATAFLOW,OECD.EDU.IMEP:DSD_EAG_UOE_NON_FIN_STUD@DF_UOE_NF_RAW_MOB(1.0),Number of mobile students enrolled and graduated by country of origin,I,USA,United States,ISCED11_5T8,Tertiary education,ENRL,Students enrolled,FE,"Formal education, includes formal initial and formal adult education programmes",_T,Total,_T,Total,_T,Total,A,Annual,W,World,_Z,Not applicable,INST_EDU,All educational institutions,MOB,Mobile including homecoming nationals,PS,Persons,_T,Total,_T,Total,2020,,957475.16283438,,,,,,,,,,A,Normal value,,,,,0,Zero,,,0,Units
DATAFLOW,OECD.EDU.IMEP:DSD_EAG_UOE_NON_FIN_STUD@DF_UOE_NF_RAW_MOB(1.0),Number of mobile students enrolled and graduated by country of origin,I,USA,United States,ISCED11_5T8,Tertiary education,ENRL,Students enrolled,FE,"Formal education, includes formal initial and formal adult education programmes",_T,Total,_T,Total,_T,Total,A,Annual,W,World,_Z,Not applicable,INST_EDU,All educational institutions,MOB,Mobile including homecoming nationals,PS,Persons,_T,Total,_T,Total,2021,,833204.018402145,,,,,,,,,,A,Normal value,,,,,0,Zero,,,0,Units
